{"cameraMode":{"drawMode":0,"name":"Shaded","section":"Shading Mode"},"sceneLighting":true,"audioPlay":false,"sceneViewState":{"showFog":true,"showMaterialUpdate":false,"showSkybox":true,"showFlares":true,"showImageEffects":true,"showParticleSystems":true},"in2DMode":false,"pivot":{"x":243.60000610351563,"y":61.400001525878909,"z":27.899999618530275},"rotation":{"x":-0.015772240236401559,"y":-0.9037531018257141,"z":0.42656996846199038,"w":-0.03328242525458336},"size":78.94528198242188,"orthographic":false}